filename,plate
001.png,29T36022
002.png,59T108264
003.png,63B957926
004.png,51FB4779
005.png,29Z158344
006.png,54U52813
007.png,50E01296
008.png,50G20995
009.png,29Z138172
010.png,51A61294
011.png,29S668708
012.png,51A4032
013.png,62H76356
014.png,29S677214
015.png,93L152376
016.png,51H69031
017.png,51B03271
018.png,51G96189
019.png,50X111589
020.png,59D331383
021.png,51G09348
022.png,51H63787
023.png,51G92231
024.png,47M195652
025.png,69F135698
026.png,84K131546
027.png,51D81343
028.png,38L123157
029.png,59X460017
030.png,93T50265
031.png,72F168599
032.png,59X127249
033.png,59P241572
034.png,59B133216
035.png,71B158609